<?xml version="1.0" encoding="UTF-8" standalone="no"?>
<featureModel>
	<properties>
		<graphics key="autolayoutconstraints" value="false"/>
		<graphics key="legendautolayout" value="true"/>
		<graphics key="showshortnames" value="false"/>
		<graphics key="layout" value="horizontal"/>
		<graphics key="showcollapsedconstraints" value="true"/>
		<graphics key="legendhidden" value="false"/>
		<graphics key="layoutalgorithm" value="1"/>
	</properties>
	<struct>
		<and abstract="true" mandatory="true" name="Chat">
			<feature mandatory="true" name="Base"/>
			<or abstract="true" name="Encryption">
				<graphics key="collapsed" value="false"/>
				<feature name="Rot13"/>
				<feature name="Reverse"/>
			</or>
			<feature name="Colour"/>
			<feature name="Logging"/>
		</and>
	</struct>
</featureModel>
